id,title,first_name,last_name,email,amount_spent_on_dog_food,dog_size,dog_gender,dog_age,unnamed: 9,unnamed: 10
1,Mrs,Frasquito,Dene,fdene0@dell.com,80.05,Small,Male,53.0,,
2,Ms,Lawrence,Kardos,lkardos1@diigo.com,66.3,Extra Large,Male,2.0,,
3,Rev,Lanna,Wintersgill,lwintersgill2@domainmarket.com,25.84,Large,Female,71.0,,
4,Rev,Richmound,Kimmitt,rkimmitt3@jiathis.com,50.76,Medium,Male,9.0,,
5,Rev,Valeda,Dallender,vdallender4@theglobeandmail.com,83.41,Extra Large,Female,23.0,,
6,Honorable,Duky,Cavell,dcavell5@seesaa.net,80.18,Extra Large,Male,74.0,,
7,Rev,Neal,Gabbetis,ngabbetis6@admin.ch,98.59,Large,Male,46.0,,
8,Ms,Farrel,Swindin,fswindin7@printfriendly.com,64.2,Small,Male,84.0,,
9,Dr,Latrena,Heinsh,lheinsh8@i2i.jp,7.44,Extra Large,Female,69.0,,
10,Mrs,Josh,Daunay,jdaunay9@mysql.com,55.84,Medium,Male,24.0,,
11,Mr,Gabbie,Caldeyroux,gcaldeyrouxa@ca.gov,30.25,Large,Female,60.0,,
12,Dr,Krystle,Fincke,kfinckeb@usatoday.com,58.37,Extra Large,Female,43.0,,
13,Dr,Agosto,Bewshaw,abewshawc@oaic.gov.au,45.7,Extra Large,Male,49.0,,
14,Ms,Regina,Sinson,rsinsond@stanford.edu,98.51,Large,Female,50.0,,
15,Dr,Nefen,Boch,nboche@webnode.com,62.45,Large,Male,82.0,,
16,Dr,Conn,Duffrie,cduffrief@arizona.edu,27.78,Large,Male,19.0,,
17,,Karoly,Buxcy,kbuxcyg@howstuffworks.com,68.0,Extra Large,Female,11.0,,
18,Ms,Wilow,Tremayle,wtremayleh@timesonline.co.uk,52.88,Large,Female,55.0,,
19,Ms,Brooks,Marde,bmardei@smugmug.com,58.36,Extra Small,Male,94.0,,
20,Mrs,Harrietta,Libbie,hlibbiej@house.gov,21.72,Medium,Female,11.0,,
21,Mrs,Ephrayim,Misson,invalid@email.com,86.15,Extra Large,Male,79.0,,
22,Dr,Cecilius,Dimock,cdimockl@symantec.com,44.67,Extra Large,Male,57.0,,
23,Mr,Abbe,Curle,acurlem@marketwatch.com,35.0,Extra Large,Female,11.0,,
24,Rev,Bald,Hars,bharsn@upenn.edu,,Large,Male,68.0,,
25,,Jay,Buckle,jbuckleo@archive.org,44.71,Small,Male,61.0,,
26,Ms,Malachi,Carillo,mcarillop@army.mil,19.96,Extra Large,Male,29.0,,
27,Honorable,Caldwell,Shawcross,cshawcrossq@icq.com,97.59,Extra Small,Male,97.0,,
28,Dr,Russell,Grewer,rgrewerr@bloglines.com,36.97,Small,Male,20.0,,
29,Ms,Wait,Morsley,wmorsleys@goo.ne.jp,20.2,Extra Large,Male,82.0,,
30,Mr,Mellicent,Larking,mlarkingt@engadget.com,80.75,Extra Large,Female,6.0,,
31,Dr,Martin,Nairy,mnairyu@biglobe.ne.jp,93.12,Extra Large,Male,95.0,,
32,Mr,Sergei,Roseaman,sroseamanv@facebook.com,17.59,Extra Large,Male,86.0,,
33,Mrs,Jock,Doonican,jdoonicanw@oaic.gov.au,40.47,Extra Small,Male,48.0,,
34,,Tera,Bresson,tbressonx@reddit.com,93.53,Extra Large,Female,15.0,,
35,Dr,Cobby,Massard,cmassardy@berkeley.edu,11.15,Extra Large,Male,41.0,,
36,Dr,Gale,Ollerhad,gollerhadz@walmart.com,7.0,Extra Small,Male,83.0,,
37,,Duffy,Heatley,dheatley10@independent.co.uk,91.42,Extra Large,Male,93.0,,
38,Rev,Inness,Mauvin,imauvin11@g.co,98.81,Extra Large,Male,12.0,,
39,,Lorna,Ebbitt,lebbitt12@t.co,23.03,Extra Large,Female,50.0,,
40,Rev,Basilius,Hall,bhall13@cisco.com,68.98,Extra Large,Male,51.0,,
41,,Q,Dundendale,qdundendale14@naver.com,6.78,Medium,Female,19.0,,
42,Mr,Maximo,De Hailes,mdehailes15@hao123.com,66.04,Large,Male,28.0,,
43,Rev,Linzy,Brigham,lbrigham16@51.la,50.86,Large,Female,40.0,,
44,Dr,Sayers,Brodeau,sbrodeau17@foxnews.com,43.13,Extra Large,Male,58.0,,
45,Mr,Neile,Kesper,nkesper18@blogs.com,,Extra Small,Female,41.0,,
46,Honorable,Brucie,Hallyburton,bhallyburton19@sakura.ne.jp,86.85,Small,Male,18.0,,
47,Dr,Sharron,Spradbery,sspradbery1a@de.vu,22.26,Extra Small,Female,97.0,,
48,,Benedetto,Sabie,bsabie1b@theguardian.com,46.71,Extra Large,Male,93.0,,
49,Honorable,Ricki,Haithwaite,rhaithwaite1c@ebay.com,53.35,Unknown,Male,92.0,,
50,Rev,Raynell,Alker,ralker1d@forbes.com,13.42,Extra Large,Female,81.0,,
51,Honorable,Jedidiah,Basnett,jbasnett1e@unc.edu,40.24,Extra Large,Male,9.0,,
52,Ms,Talya,Brenston,tbrenston1f@sogou.com,99.55,Medium,Female,45.0,,
53,,Jarrad,Rogerot,jrogerot1g@51.la,40.25,Extra Large,Male,86.0,,
54,Dr,Pavel,Danter,pdanter1h@purevolume.com,66.63,Extra Large,Male,3.0,,
55,Mr,Peggi,McRill,pmcrill1i@instagram.com,93.79,Extra Small,Female,16.0,,
56,Rev,Tabby,Balk,tbalk1j@123-reg.co.uk,82.74,Medium,Female,85.0,,
57,Mr,Mathew,Thexton,mthexton1k@etsy.com,33.23,Extra Large,Female,86.0,,
58,Mrs,Tom,Dunrige,tdunrige1l@examiner.com,,Extra Small,Male,21.0,,
59,Mr,Noreen,Cousins,ncousins1m@posterous.com,96.87,Medium,Female,30.0,,
60,,Penni,Fray,pfray1n@slate.com,43.07,Extra Large,Female,2.0,,
61,Ms,Marvin,Buxy,mbuxy1o@eventbrite.com,7.83,Small,Male,56.0,,
62,Mr,Engelbert,Sturge,esturge1p@mashable.com,16.65,Extra Large,Male,94.0,,
63,Rev,Mata,Georg,mgeorg1q@shareasale.com,69.33,Large,Male,98.0,,
64,Ms,Wendeline,Stockings,wstockings1r@marketwatch.com,66.72,Extra Large,Female,40.0,,
65,Dr,Des,McConway,dmcconway1s@techcrunch.com,98.14,Extra Small,Male,23.0,,
66,Mrs,Val,Groveham,vgroveham1t@craigslist.org,60.61,Medium,Male,18.0,,
67,Dr,Jeremy,Lydiard,jlydiard1u@biblegateway.com,60.21,Small,Male,61.0,,
68,Ms,Flor,Gleadle,fgleadle1v@cdc.gov,92.45,Extra Small,Female,94.0,,
69,,Dixie,Vineall,dvineall1w@printfriendly.com,98.46,Extra Small,Female,79.0,,
70,Dr,Skyler,Filip,sfilip1x@myspace.com,29.03,Extra Large,Male,68.0,,
71,Mr,Tally,Bazely,tbazely1y@house.gov,97.82,Extra Large,Female,61.0,,
72,Honorable,Sib,Syddie,ssyddie1z@reverbnation.com,1.06,Small,Female,60.0,,
73,Rev,Dugald,Dreakin,ddreakin20@histats.com,20.94,Extra Large,Male,21.0,,
74,Ms,Bernette,Crigin,bcrigin21@blogtalkradio.com,66.29,Large,Female,32.0,,
75,Rev,Olive,Casale,ocasale22@mozilla.org,40.22,Extra Small,Female,7.0,,
76,Honorable,Miof mela,Joire,mjoire23@mlb.com,48.3,Extra Large,Female,39.0,,
77,Mr,Leanora,Sallowaye,lsallowaye24@51.la,33.25,Extra Small,Female,57.0,,
78,Dr,Odell,Benkin,obenkin25@phpbb.com,33.84,Small,Male,77.0,,
79,Rev,Ker,Leate,kleate26@lulu.com,8.45,Small,Unknown,67.0,,
80,Mr,Somerset,Bester,sbester27@stumbleupon.com,83.16,Extra Small,Male,33.0,,
81,Mr,Elmer,Sinden,esinden28@nifty.com,35.3,Small,Male,19.0,,
82,Honorable,Clerissa,Meryett,cmeryett29@reuters.com,97.43,Medium,Female,37.0,,
83,,Manfred,Withull,invalid@email.com,89.2,Extra Small,Male,98.0,,
84,Dr,Orelia,Clemenzo,oclemenzo2b@baidu.com,85.97,Medium,Female,12.0,,
85,Honorable,Tova,Gilston,tgilston2c@macromedia.com,54.47,Small,Female,17.0,,
86,Rev,Ynez,Embery,yembery2d@merriam-webster.com,9.62,Large,Female,56.0,,
87,Mr,Jewel,Spellward,jspellward2e@webeden.co.uk,86.09,Medium,Female,82.0,,
88,Rev,AL,Oland,aoland2f@umich.edu,7.11,Extra Large,Male,55.0,,
89,Mrs,Brendon,Prop,bprop2g@abc.net.au,13.72,Extra Large,Male,19.0,,
90,Mr,Nobie,Mauro,nmauro2h@sbwire.com,83.26,Extra Large,Male,71.0,,
91,Mr,Peterus,Dobney,pdobney2i@com.com,8.46,Unknown,Male,57.0,,
92,Rev,Reube,Tandy,rtandy2j@walmart.com,50.32,Small,Male,69.0,,
93,Honorable,Randee,Aberchirder,raberchirder2k@parallels.com,20.58,Large,Female,,,
94,Honorable,Marris,Diche,mdiche2l@hatena.ne.jp,67.35,Extra Large,Female,79.0,,
95,Mr,Ollie,Creus,ocreus2m@hc360.com,86.89,Extra Large,Male,44.0,,
96,Dr,Munmro,Lehemann,mlehemann2n@ning.com,36.29,Extra Large,Male,41.0,,
97,Mr,Aggi,Coppen,acoppen2o@hc360.com,1.98,Extra Large,Female,90.0,,
98,Rev,Radcliffe,Kapelhoff,rkapelhoff2p@desdev.cn,90.54,Extra Large,Male,86.0,,
99,Honorable,Eloisa,Guterson,eguterson2q@wiley.com,98.35,Large,Female,36.0,,
100,Rev,Athena,Lisciandri,alisciandri2r@msu.edu,98.16,Extra Small,Female,4.0,,
101,Mr,Fredia,Ryves,fryves2s@ovh.net,64.15,Extra Small,Female,40.0,,
102,Ms,Bob,Tollow,btollow2t@dyndns.org,28.05,Extra Large,Male,79.0,,
103,Mrs,Randene,Scholler,rscholler2u@unesco.org,92.69,Large,Female,20.0,,
104,Mr,Anna-maria,Stit,astit2v@unblog.fr,60.36,Large,Female,91.0,,
105,Mr,Leland,Vedishchev,lvedishchev2w@sfgate.com,14.06,Extra Large,Female,25.0,,
106,Mr,Samuel,Norheny,snorheny2x@icio.us,69.84,Small,Male,24.0,,
107,,Catriona,Goddard,cgoddard2y@youku.com,24.25,Small,Female,97.0,,
108,Rev,Laurens,Lorie,llorie2z@blog.com,92.0,Extra Large,Male,96.0,,
109,Mrs,Penny,Ashburner,pashburner30@fastcompany.com,69.98,Extra Large,Male,31.0,,
110,Mrs,Andres,Phuprate,aphuprate31@friendfeed.com,50.03,Extra Large,Male,28.0,,
111,Mrs,Tatum,Jouandet,tjouandet32@constantcontact.com,88.78,Small,Female,29.0,,
112,Dr,Mel,Primak,mprimak33@sitemeter.com,0.83,Extra Large,Female,54.0,,
113,Mr,Bald,Dreghorn,bdreghorn34@1688.com,8.46,Large,Male,22.0,,
114,Mr,Northrop,Gales,ngales35@51.la,78.74,Extra Large,Male,33.0,,
115,Dr,Letta,Spradbrow,lspradbrow36@g.co,,Extra Small,Female,57.0,,
116,Ms,Glenine,Rainsdon,grainsdon37@go.com,25.99,Medium,Female,46.0,,
117,Mr,Kiri,Durrance,kdurrance38@ifeng.com,85.5,Extra Large,Unknown,35.0,,
118,Ms,Allianora,Pittendreigh,apittendreigh39@google.de,22.46,Extra Small,Female,65.0,,
119,Mrs,Keith,Dentith,kdentith3a@house.gov,,Small,Unknown,5.0,,
120,Mrs,Anneliese,Andrus,aandrus3b@usa.gov,17.1,Extra Large,Female,76.0,,
121,Ms,Sonny,Nelsey,snelsey3c@nps.gov,10.42,Extra Large,Male,94.0,,
122,Dr,Gerald,Earp,gearp3d@hc360.com,,Extra Large,Male,18.0,,
123,Honorable,Stephan,Okenden,sokenden3e@businessweek.com,47.14,Extra Large,Male,26.0,,
124,Rev,Eldridge,Ponter,eponter3f@1und1.de,35.8,Small,Male,66.0,,
125,,Perice,Gilder,pgilder3g@va.gov,54.74,Large,Male,42.0,,
126,Mrs,Lilllie,Gretham,lgretham3h@amazonaws.com,83.31,Extra Large,Female,31.0,,
127,Ms,Perla,Karpushkin,pkarpushkin3i@google.com,55.04,Large,Female,99.0,,
128,Rev,Toma,Esgate,tesgate3j@soundcloud.com,55.1,Small,Female,90.0,,
129,Honorable,Beaufort,Dungay,bdungay3k@devhub.com,69.99,Extra Large,Male,51.0,,
130,Mrs,Drona,Coggen,dcoggen3l@constantcontact.com,5.62,Extra Large,Female,64.0,,
131,Honorable,Lelah,Bromley,lbromley3m@admin.ch,37.29,Medium,Female,35.0,,
132,Rev,Melissa,Scutching,mscutching3n@indiegogo.com,15.76,Extra Small,Female,96.0,,
133,Ms,Theresa,Pidgen,tpidgen3o@people.com.cn,16.03,Large,Unknown,60.0,,
134,Dr,Tiebold,Siggin,tsiggin3p@dagondesign.com,99.77,Extra Large,Male,76.0,,
135,Mrs,Marinna,Brogiotti,mbrogiotti3q@163.com,17.71,Small,Female,30.0,,
136,Dr,Tobit,Paradis,tparadis3r@icq.com,25.42,Large,Male,16.0,,
137,Dr,Cori,Petrashov,cpetrashov3s@msu.edu,80.48,Large,Male,56.0,,
138,Mrs,Allard,Jobbins,ajobbins3t@bing.com,55.92,Medium,Unknown,7.0,,
139,Honorable,Aarika,Wennington,awennington3u@harvard.edu,73.27,Small,Female,16.0,,
140,Rev,Fairfax,Wagon,fwagon3v@usa.gov,99.64,Extra Large,Male,97.0,,
141,,Kareem,Ibbison,kibbison3w@facebook.com,34.03,Large,Male,91.0,,
142,,Jaye,Aberkirdo,jaberkirdo3x@icq.com,36.39,Extra Large,Male,70.0,,
143,Dr,Enoch,Hug,ehug3y@house.gov,,Extra Large,Unknown,59.0,,
144,Honorable,Anatole,Meritt,ameritt3z@dyndns.org,92.73,Small,Male,5.0,,
145,Mrs,Craig,Poli,cpoli40@vinaora.com,65.03,Extra Large,Male,40.0,,
146,Dr,Mariska,Sleeny,msleeny41@posterous.com,78.06,Extra Large,Female,53.0,,
147,,Dillon,Nitto,dnitto42@tripod.com,78.78,Extra Large,Male,64.0,,
148,Mr,Crystie,Scrange,cscrange43@t.co,16.55,Medium,Female,51.0,,
149,Ms,Clyde,Caldecott,ccaldecott44@amazonaws.com,9.17,Extra Large,Male,58.0,,
150,Mrs,Archy,Ondracek,aondracek45@pen.io,85.58,Unknown,Male,2.0,,
151,,Tobit,Kelby,tkelby46@boston.com,61.34,Unknown,Male,54.0,,
152,Honorable,Chan,Lossman,clossman47@archive.org,6.96,Medium,Male,54.0,,
153,Honorable,Lawrence,Clemont,lclemont48@edublogs.org,57.6,Extra Large,Male,5.0,,
154,,Darryl,Marple,dmarple49@blog.com,79.11,Small,Female,33.0,,
155,Ms,Rubina,Pridie,rpridie4a@slashdot.org,21.32,Extra Large,Female,5.0,,
156,Mr,Monty,Budleigh,mbudleigh4b@deviantart.com,72.86,Extra Large,Unknown,74.0,,
157,Rev,Raina,Kemmett,rkemmett4c@walmart.com,25.2,Large,Female,49.0,,
158,Mr,Willdon,Wehnerr,wwehnerr4d@washington.edu,91.66,Small,Male,81.0,,
159,,Dolli,Coffee,dcoffee4e@zimbio.com,,Small,Female,73.0,,
160,Honorable,Marjy,Linklet,mlinklet4f@wordpress.comm,97.69,Extra Large,Female,27.0,,
161,Ms,Sayre,Khoter,skhoter4g@nasa.gov,,Extra Small,Male,48.0,,
162,Mrs,Dael,Rotherham,drotherham4h@live.com,,Extra Large,Female,14.0,,
163,Mrs,Sydney,Collman,scollman4i@instagram.com,,Unknown,Female,65.0,,
164,Ms,Ilysa,Einchcombe,ieinchcombe4j@mysql.com,58.7,Unknown,Female,13.0,,
165,,Myca,Holtaway,invalid@email.com,40.09,Medium,Male,20.0,,
166,Dr,Evanne,Proughten,eproughten4l@wiley.com,12.28,Extra Large,Female,50.0,,
167,Rev,Gaylor,Colam,gcolam4m@noaa.gov,,Medium,Male,32.0,,
168,Mr,Wenonah,Quinlan,wquinlan4n@amazon.co.jp,90.33,Large,Female,69.0,,
169,,Garrett,Maddams,gmaddams4o@twitter.com,16.29,Extra Large,Male,37.0,,
170,Honorable,Lori,Rasper,lrasper4p@wunderground.comm,62.96,Medium,Female,38.0,,
171,Mr,Midge,McCurrie,mmccurrie4q@illinois.edu,,Extra Small,Female,24.0,,
172,Ms,C-J,Bulle,cbulle4r@weebly.com,69.09,Small,Female,40.0,,
173,Ms,Lyndsay,Szreter,lszreter4s@discovery.com,99.76,Extra Large,Female,18.0,,
174,Mrs,Levy,Howels,lhowels4t@vkontakte.ru,100.0,Small,Male,3.0,,
175,Rev,Malachi,Jane,mjane4u@yelp.com,8.82,Extra Large,Male,71.0,,
176,Rev,Rodina,Carrack,rcarrack4v@utexas.edu,16.29,Extra Large,Female,82.0,,
177,Ms,Mitch,Bonnick,mbonnick4w@cafepress.com,62.62,Extra Large,Male,3.0,,
178,,Cyrille,Redmile,credmile4x@github.com,49.26,Extra Large,Male,29.0,,
179,Mr,Roselia,Bosnell,rbosnell4y@bloglines.com,41.11,Small,Female,3.0,,
180,Mrs,Laughton,Kingsmill,lkingsmill4z@slideshare.net,20.0,Small,Male,5.0,,
180,Mrs,Laughton,Kingsmill,lkingsmill4z@slideshare.net,20.0,Small,Male,5.0,,
181,Mr,Aubrette,Yglesia,ayglesia50@vinaora.com,18.94,Extra Large,Female,99.0,,
182,Rev,Ethelda,Belverstone,ebelverstone51@scribd.com,46.09,Medium,Female,95.0,,
183,Dr,Haily,Lockart,hlockart52@com.com,26.8,Extra Small,Female,44.0,,
184,Ms,Nicolis,Sieb,nsieb53@constantcontact.com,43.57,Medium,Male,38.0,,
185,Honorable,Stefanie,Winks,swinks54@multiply.com,,Small,Female,18.0,,
186,Honorable,Bobbe,Clemitt,bclemitt55@pinterest.com,,Medium,Female,83.0,,
187,Honorable,Atalanta,McGloughlin,amcgloughlin56@soundcloud.com,16.72,Extra Large,Female,27.0,,
188,Honorable,Serene,Perfili,sperfili57@cyberchimps.com,54.0,Medium,Female,38.0,,
189,Honorable,Daniela,Matushevich,dmatushevich58@opera.com,,Extra Small,Female,45.0,,
190,Dr,Doug,Kee,dkee59@ebay.com,77.08,Extra Small,Male,71.0,,
191,Ms,Forster,Flahive,fflahive5a@archive.org,10.1,Medium,Male,12.0,,
192,Ms,Charmain,Sandercroft,csandercroft5b@myspace.com,19.36,Extra Small,Female,90.0,,
193,Honorable,Lonnie,Crawley,lcrawley5c@storify.com,54.45,Extra Large,Male,66.0,,
194,Rev,Briana,Huttley,bhuttley5d@ning.com,59.3,Small,Female,41.0,,
195,Mrs,Jamima,Lisciardelli,jlisciardelli5e@blog.com,31.44,Extra Small,Female,29.0,,
196,Rev,Cassondra,Gresswell,cgresswell5f@ucsd.edu,36.32,Extra Large,Female,32.0,,
197,Mr,Tildie,Cary,tcary5g@ask.com,,Small,Female,16.0,,
198,Honorable,Rudd,Kendal,rkendal5h@storify.com,91.45,Extra Large,Male,43.0,,
199,Mr,Abeu,Kirkbride,akirkbride5i@is.gd,10.02,Extra Large,Male,10.0,,
200,Ms,Cirillo,Langsdon,clangsdon5j@indiegogo.com,41.31,Extra Small,Male,75.0,,
201,Ms,Audrie,Hindes,ahindes5k@tuttocitta.it,48.0,Extra Large,Female,85.0,,
202,Dr,Garald,Dudson,gdudson5l@aol.com,18.99,Medium,Male,16.0,,
203,Honorable,Flore,Sikora,fsikora5m@businessweek.com,4.19,Small,Female,42.0,,
204,Dr,Thadeus,Starbeck,tstarbeck5n@lulu.com,,Large,Male,86.0,,
205,Mrs,Reine,Janata,rjanata5o@woothemes.com,28.16,Small,Female,57.0,,
206,Mr,Hazel,Gypps,hgypps5p@youtu.be,33.18,Extra Small,Male,30.0,,
207,Dr,Corette,Geaney,cgeaney5q@bloomberg.comm,63.6,Medium,Female,14.0,,
208,Honorable,Huberto,Fforde,invalid@email.com,36.93,Small,Unknown,26.0,,
209,Mrs,Jerri,Burgane,jburgane5s@alibaba.com,45.43,Medium,Male,39.0,,
210,Honorable,Waldon,Kirman,wkirman5t@theguardian.com,69.97,Small,Male,49.0,,
211,Mr,Yank,Pears,ypears5u@istockphoto.com,85.36,Extra Large,Male,22.0,,
212,Mr,Alessandro,Winder,awinder5v@woothemes.com,28.43,Extra Large,Male,53.0,,
213,Mrs,Radcliffe,Shillinglaw,rshillinglaw5w@altervista.org,60.02,Small,Male,14.0,,
214,Mr,Ray,Dron,rdron5x@flickr.com,45.9,Extra Large,Male,70.0,,
215,Mrs,Derrek,Cunde,dcunde5y@ucoz.ru,29.3,Extra Large,Male,100.0,,
216,Mr,Lyndsey,Aleveque,laleveque5z@gravatar.com,44.3,Small,Female,80.0,,
217,Ms,Hector,Bett,hbett60@qq.com,76.54,Extra Large,Male,98.0,,
218,Mr,Bertha,Swetland,bswetland61@histats.com,13.31,Medium,Female,65.0,,
219,Rev,Vere,Leddie,vleddie62@mediafire.com,99.91,Extra Small,Female,43.0,,
220,Dr,Moe,Pristnor,mpristnor63@mashable.com,36.0,Extra Large,Male,49.0,,
221,Dr,Lilia,Fellini,lfellini64@dell.com,97.8,Extra Large,Female,66.0,,
222,Mr,Hillary,Fisbey,hfisbey65@marketwatch.com,67.24,Small,Female,52.0,,
222,Mr,Hillary,Fisbey,hfisbey65@marketwatch.com,67.24,Small,Female,52.0,,
222,Mr,Hillary,Fisbey,hfisbey65@marketwatch.com,67.24,Small,Female,52.0,,
222,Mr,Hillary,Fisbey,hfisbey65@marketwatch.com,67.24,Small,Female,52.0,,
222,Mr,Hillary,Fisbey,hfisbey65@marketwatch.com,67.24,Small,Female,52.0,,
222,Mr,Hillary,Fisbey,hfisbey65@marketwatch.com,67.24,Small,Female,52.0,,
222,Mr,Hillary,Fisbey,hfisbey65@marketwatch.com,67.24,Small,Female,52.0,,
223,Mrs,Nona,Macconachy,nmacconachy66@icio.us,,Extra Large,Female,94.0,,
224,Rev,Cris,Peschmann,cpeschmann67@meetup.com,70.81,Small,Female,44.0,,
225,Ms,Sandy,Emson,semson68@mac.com,69.41,Extra Large,Female,23.0,,
226,Dr,Saree,Oddie,soddie69@zimbio.com,95.79,Extra Large,Unknown,2.0,,
227,Mrs,Palm,Filyaev,pfilyaev6a@cdbaby.com,21.36,Small,Male,56.0,,
228,Honorable,Munmro,Van der Brug,mvanderbrug6b@apple.com,19.11,Large,Male,91.0,,
229,Rev,Job,Benettini,jbenettini6c@vimeo.com,87.69,Extra Large,Male,1.0,,
230,Rev,Grant,Baile,gbaile6d@google.ru,36.13,Extra Large,Male,63.0,,
231,Rev,Nissy,Buret,nburet6e@a8.net,51.1,Small,Female,41.0,,
232,Ms,Alisa,Kilbee,akilbee6f@businessweek.com,50.67,Extra Large,Female,85.0,,
233,Dr,Nolie,Radoux,nradoux6g@slate.com,21.89,Extra Large,Female,28.0,,
234,,Corbet,Munkley,cmunkley6h@51.la,77.07,Small,Male,97.0,,
235,Rev,Mireielle,Hrinchishin,mhrinchishin6i@auda.org.au,91.75,Extra Large,Female,58.0,,
236,Honorable,Selestina,Readhead,sreadhead6j@scribd.com,3.97,Medium,Female,41.0,,
237,Ms,Penelope,Stubbs,pstubbs6k@businesswire.com,75.9,Medium,Female,9.0,,
237,Ms,Penelope,Stubbs,pstubbs6k@businesswire.com,75.9,Medium,Female,9.0,,
238,,Amalie,Hamber,ahamber6l@foxnews.com,8.8,Medium,Female,94.0,,
239,Honorable,Loy,Haugeh,lhaugeh6m@google.ru,28.63,Extra Large,Male,56.0,,
240,Mr,Bonnee,Spraberry,bspraberry6n@paginegialle.it,81.85,Small,Female,43.0,,
241,Mr,Julina,Whitemarsh,jwhitemarsh6o@indiegogo.com,19.81,Large,Female,39.0,,
242,,Benn,McGee,bmcgee6p@yahoo.co.jp,71.81,Extra Large,Male,98.0,,
243,Mrs,Nealson,Beere,nbeere6q@state.tx.us,91.92,Extra Large,Male,76.0,,
244,,Daven,Hulbert,dhulbert6r@ft.com,39.51,Medium,Male,6.0,,
245,,Madeline,Trotter,mtrotter6s@github.com,82.82,Small,Unknown,17.0,,
246,Ms,Corine,Ubanks,cubanks6t@arizona.edu,42.42,Extra Large,Female,58.0,,
247,Honorable,Ermanno,O'Heffernan,eoheffernan6u@liveinternet.ru,14.93,Extra Large,Male,76.0,,
248,Honorable,Lock,Vickerstaff,lvickerstaff6v@freewebs.com,,Large,Male,17.0,,
249,Mr,Winslow,Rembrandt,wrembrandt6w@va.gov,93.26,Large,Male,50.0,,
250,Dr,Trevar,Galway,tgalway6x@elpais.com,94.02,Extra Large,Male,100.0,,
251,Mrs,Rivkah,Carter,rcarter6y@answers.com,46.12,Large,Female,94.0,,
252,Mrs,Forester,Tulk,ftulk6z@dmoz.org,61.58,Large,Male,11.0,,
253,Mrs,Sarine,Ferenczi,sferenczi70@angelfire.com,23.26,Extra Large,Female,30.0,,
254,Ms,Gianni,Adaway,gadaway71@vk.com,57.11,Extra Large,Male,11.0,,
255,Dr,James,Ulyatt,julyatt72@qq.com,52.77,Extra Large,Male,79.0,,
256,Mr,Robby,Jacklings,rjacklings73@symantec.com,68.49,Extra Small,Male,79.0,,
257,Honorable,Gabe,Segges,gsegges74@wufoo.com,49.27,Extra Large,Male,19.0,,
258,,Curry,Clackson,cclackson75@europa.eu,51.55,Small,Male,93.0,,
259,Rev,Emmery,Po,epo76@ibm.com,21.03,Extra Large,Male,45.0,,
260,Mr,Lian,Lelliott,llelliott77@nasa.gov,72.19,Small,Female,41.0,,
261,Mrs,Ross,Cockshutt,rcockshutt78@aol.comm,33.89,Extra Large,Male,7.0,,
262,Mr,Yank,Driffill,ydriffill79@yellowpages.com,43.62,Large,Male,45.0,,
263,Rev,Robbin,Antwis,rantwis7a@hhs.gov,3.91,Extra Large,Female,19.0,,
264,Mr,Gale,Bech,gbech7b@home.pl,54.72,Extra Large,Female,98.0,,
265,Mr,Dulsea,Normavell,dnormavell7c@nationalgeographic.com,85.14,Large,Female,48.0,,
266,Ms,Idelle,Dudman,idudman7d@youku.com,84.84,Extra Large,Female,14.0,,
267,,Viole,Maggorini,vmaggorini7e@bloomberg.com,89.24,Extra Small,Unknown,47.0,,
268,Dr,Ingmar,Lamminam,ilamminam7f@phpbb.com,33.3,Extra Large,Male,60.0,,
269,Rev,Devland,Carefull,dcarefull7g@shareasale.commmm,67.45,Extra Large,Male,37.0,,
270,Dr,Ford,Growcock,fgrowcock7h@histats.com,22.35,Small,Male,80.0,,
271,Mrs,Dona,Barby,dbarby7i@plala.or.jp,13.13,Large,Female,79.0,,
272,Honorable,Gusty,Ezzle,gezzle7j@wikimedia.org,27.54,Extra Large,Female,34.0,,
273,Mrs,Marrilee,Berens,mberens7k@meetup.com,74.72,Large,Female,2.0,,
274,Honorable,Michelina,Fellis,mfellis7l@slideshare.net,98.04,Small,Unknown,65.0,,
275,Ms,Tabor,Henniger,thenniger7m@chicagotribune.com,40.4,Large,Male,35.0,,
276,Ms,Henryetta,Charte,hcharte7n@webeden.co.uk,97.25,Extra Large,Female,2.0,,
277,Rev,Henka,Trace,htrace7o@guardian.co.uk,57.98,Medium,Female,44.0,,
278,Dr,Letitia,Chomicz,lchomicz7p@sciencedirect.com,68.3,Medium,Female,72.0,,
279,Rev,Millicent,Minucci,mminucci7q@google.fr,2.82,Small,Female,20.0,,
280,Ms,Beryle,Rudgley,brudgley7r@trellian.com,35.49,Medium,Female,18.0,,
281,Honorable,Andie,Nisard,anisard7s@pagesperso-orange.fr,9.31,Medium,Male,38.0,,
282,Mrs,Elvira,Beardshall,ebeardshall7t@intel.com,16.29,Extra Large,Female,49.0,,
283,Mrs,Hadlee,O'Regan,horegan7u@phoca.cz,50.07,Large,Male,23.0,,
284,Rev,Corina,Seabrook,cseabrook7v@cnbc.com,,Extra Large,Female,60.0,,
285,Mrs,Rozanna,Chitham,rchitham7w@google.com,4.58,Large,Female,18.0,,
286,Honorable,Harli,Cusack,hcusack7x@biglobe.ne.jp,89.56,Extra Large,Female,34.0,,
287,Mr,Yevette,Swalwel,yswalwel7y@deliciousdays.com,45.49,Extra Large,Female,60.0,,
288,Ms,Roslyn,Brosh,rbrosh7z@example.com,46.95,Small,Female,28.0,,
289,Rev,Tallulah,Lees,tlees80@spotify.com,25.32,Extra Large,Female,40.0,,
290,Rev,Lishe,Hampshire,lhampshire81@studiopress.com,,Extra Large,Female,66.0,,
291,Ms,Jorie,Stoate,jstoate82@nba.com,5.29,Extra Small,Female,61.0,,
292,Mr,Blondelle,Klaus,bklaus83@usgs.gov,67.83,Medium,Female,99.0,,
293,,Aubert,Merryfield,amerryfield84@seesaa.net,69.39,Large,Male,49.0,,
294,Mrs,Elwood,Burfoot,eburfoot85@illinois.edu,37.97,Large,Male,62.0,,
295,Honorable,Felizio,Chatwin,fchatwin86@clickbank.net,48.94,Medium,Male,29.0,,
296,Ms,Blake,Pryce,bpryce87@nasa.gov,71.83,Extra Large,Female,94.0,,
297,Mrs,Damita,Fogden,dfogden88@fema.gov,94.69,Large,Female,20.0,,
298,Honorable,Vladamir,Aynscombe,vaynscombe89@guardian.co.uk,0.12,Extra Large,Male,55.0,,
299,Mr,Coralie,Gossington,cgossington8a@tumblr.com,82.34,Extra Large,Female,42.0,,
300,Mrs,Francoise,Corain,fcorain8b@apache.org,49.36,Small,Unknown,79.0,,
